# x_ref_m; y_ref_m; width_right_m; width_left_m; x_normvec_m; y_normvec_m; alpha_m; s_racetraj_m; psi_racetraj_rad; kappa_racetraj_radpm; vx_racetraj_mps; ax_racetraj_mps2
1.1693023; 23.2505543; 0.6474853; 0.3422284; -0.4802159; 0.8771503; -0.0018833; 0.0000000; 2.0668530; 0.5942253; 3.7147123; -0.9197981
1.0005304; 23.1440390; 0.7491456; 0.3165285; -0.5872629; 0.8093962; -0.0008977; 0.1995337; 2.1937549; 0.6782565; 3.6649340; -0.0299371
0.8474720; 23.0160098; 0.8474031; 0.3001086; -0.6941213; 0.7198581; -0.0001086; 0.3991774; 2.3356125; 0.7451684; 3.6633025; -0.0299371
0.7139144; 22.8677492; 0.7588309; 0.3031797; -0.7869565; 0.6170085; 0.0000648; 0.5988869; 2.4772697; 0.6765174; 3.6616702; 0.8994604
0.6010217; 22.7031703; 0.6217492; 0.3332178; -0.8575832; 0.5143453; -0.0001833; 0.7985880; 2.6031119; 0.5854866; 3.7103980; 1.9088635
0.5080619; 22.5265307; 0.5346944; 0.3767513; -0.9084842; 0.4179192; -0.0004955; 0.9982567; 2.7117887; 0.5039645; 3.8117463; 2.6452815
0.4335025; 22.3413445; 0.4907099; 0.4127501; -0.9438238; 0.3304493; -0.0006307; 1.1979079; 2.8049409; 0.4296151; 3.9478950; 3.2693027
0.3753518; 22.1503476; 0.4540255; 0.4467861; -0.9672426; 0.2538539; -0.0005029; 1.3975668; 2.8837536; 0.3601175; 4.1099344; 3.8793719
0.3312996; 21.9555978; 0.4178287; 0.4806390; -0.9818945; 0.1894286; -0.0001570; 1.5972501; 2.9490132; 0.2937268; 4.2942861; 4.5422777
0.2988268; 21.7585723; 0.3819765; 0.5142067; -0.9904333; 0.1379920; 0.0002680; 1.7969592; 3.0012024; 0.2291090; 4.5005529; 5.2548149
0.2752890; 21.5602703; 0.3463020; 0.5476391; -0.9949879; 0.0999957; 0.0005770; 1.9966821; 3.0405582; 0.1651203; 4.7279626; 5.2501332
0.2579862; 21.3613198; 0.3102333; 0.5814939; -0.9971433; 0.0755324; 0.0005741; 2.1964036; 3.0670391; 0.1001181; 4.9447360; 5.2454556
0.2443461; 21.1620815; 0.3002317; 0.5987778; -0.9980325; 0.0626987; 0.0002317; 2.3961156; 3.0808164; 0.0379009; 5.1522160; 5.2407823
0.2325492; 20.9627256; 0.3007767; 0.6035383; -0.9984425; 0.0557899; -0.0000930; 2.5958213; 3.0869331; 0.0233701; 5.3514839; 5.2361131
0.2219729; 20.7633007; 0.3024901; 0.6056472; -0.9987375; 0.0502339; -0.0002228; 2.7955259; 3.0915840; 0.0232104; 5.5434253; 5.2314480
0.2124465; 20.5638222; 0.3039885; 0.6078332; -0.9989753; 0.0452586; -0.0002235; 2.9952307; 3.0961504; 0.0225249; 5.7287770; 5.2267871
0.2038640; 20.3643009; 0.3032316; 0.6066374; -0.9991687; 0.0407657; -0.0001747; 3.1949358; 3.1005337; 0.0213770; 5.9081593; 5.2221304
0.1961377; 20.1647445; 0.3012712; 0.6064874; -0.9993274; 0.0366709; -0.0001190; 3.3946413; 3.1046494; 0.0198439; 6.0821005; 5.2174778
0.1891955; 19.9651593; 0.3000305; 0.6085487; -0.9994586; 0.0329019; -0.0000678; 3.5943469; 3.1084250; 0.0179702; 6.2510550; 5.2128294
0.1829821; 19.7655502; 0.3000000; 0.6097964; -0.9995693; 0.0293468; 0.0000000; 3.7940527; 3.1117630; 0.0154626; 6.4154169; 5.2081851
0.1774617; 19.5659208; 0.3013441; 0.6096848; -0.9996625; 0.0259768; 0.0001374; 3.9937588; 3.1147075; 0.0140279; 6.5755308; 5.2035449
0.1725880; 19.3662745; 0.3041196; 0.6081481; -0.9997381; 0.0228863; 0.0003582; 4.1934655; 3.1174256; 0.0131963; 6.7316999; 5.1989089
0.1682993; 19.1666147; 0.3083213; 0.6051907; -0.9997976; 0.0201166; 0.0006381; 4.3931730; 3.1199731; 0.0123183; 6.8841927; 5.1942770
0.1645325; 18.9669443; 0.3128188; 0.5989847; -0.9998441; 0.0176586; 0.0009490; 4.5928811; 3.1223409; 0.0113965; 7.0332486; 5.1896492
0.1612261; 18.7672658; 0.3173399; 0.5908438; -0.9998798; 0.0155038; 0.0012662; 4.7925897; 3.1245206; 0.0104339; 7.1790817; 5.1850255
0.1583204; 18.5675810; 0.3238124; 0.5854525; -0.9999069; 0.0136445; 0.0015683; 4.9922985; 3.1265041; 0.0094328; 7.3218847; 5.1804060
0.1557572; 18.3678915; 0.3316257; 0.5794444; -0.9999271; 0.0120731; 0.0018369; 5.1920073; 3.1282843; 0.0083964; 7.4618317; 5.1757906
0.1534795; 18.1681986; 0.3405835; 0.5723089; -0.9999419; 0.0107831; 0.0020565; 5.3917159; 3.1298543; 0.0073280; 7.5990805; 5.1711793
0.1514319; 17.9685031; 0.3491067; 0.5646756; -0.9999523; 0.0097684; 0.0022141; 5.5914241; 3.1312081; 0.0062314; 7.7337751; 5.1665721
0.1495599; 17.7688060; 0.3548366; 0.5615264; -0.9999593; 0.0090238; 0.0022989; 5.7911317; 3.1323405; 0.0051106; 7.8660465; 5.1619690
0.1478100; 17.5691077; 0.3594952; 0.5666940; -0.9999635; 0.0085449; 0.0023022; 5.9908388; 3.1332471; 0.0039695; 7.9960154; 5.1573700
0.1461296; 17.3694088; 0.3646707; 0.5724221; -0.9999653; 0.0083279; 0.0022168; 6.1905452; 3.1339243; 0.0028121; 8.1237921; 5.1527751
0.1444665; 17.1697098; 0.3704667; 0.5775485; -0.9999650; 0.0083701; 0.0020368; 6.3902512; 3.1343690; 0.0016424; 8.2494787; 5.1481843
0.1427693; 16.9700111; 0.3642791; 0.5755662; -0.9999624; 0.0086694; 0.0017572; 6.5899568; 3.1345793; 0.0004641; 8.3731695; 5.1435976
0.1409868; 16.7703131; 0.3355493; 0.5596622; -0.9999575; 0.0092244; 0.0013739; 6.7896622; 3.1345539; -0.0007190; 8.4949517; 0.2148253
0.1390680; 16.5706164; 0.3156021; 0.5446920; -0.9999497; 0.0100345; 0.0008830; 6.9893678; 3.1342921; -0.0019034; 8.5000000; 0.0000000
0.1369636; 16.3709215; 0.3002813; 0.5298195; -0.9999387; 0.0110757; 0.0002813; 7.1890741; 3.1338109; -0.0029151; 8.5000000; 0.0000000
0.1346372; 16.1712292; 0.3085372; 0.5186530; -0.9999253; 0.0122225; -0.0004302; 7.3887814; 3.1331908; -0.0032945; 8.5000000; 0.0000000
0.1320832; 15.9715396; 0.3535692; 0.5181467; -0.9999109; 0.0133473; -0.0012390; 7.5884899; 3.1325102; -0.0035224; 8.5000000; 0.0000000
0.1293093; 15.7718529; 0.3802044; 0.5178163; -0.9998960; 0.0144252; -0.0021273; 7.7881996; 3.1317853; -0.0037384; 8.5000000; 0.0000000
0.1263246; 15.5721693; 0.3885418; 0.5150161; -0.9998805; 0.0154586; -0.0030773; 7.9879105; 3.1310186; -0.0039400; 8.5000000; 0.0000000
0.1231377; 15.3724888; 0.3941777; 0.5120042; -0.9998647; 0.0164509; -0.0040726; 8.1876224; 3.1302134; -0.0041241; 8.5000000; 0.0000000
0.1197564; 15.1728114; 0.3995310; 0.5092307; -0.9998485; 0.0174056; -0.0050979; 8.3873354; 3.1293734; -0.0042898; 8.5000000; 0.0000000
0.1161879; 14.9731374; 0.4046006; 0.5067396; -0.9998321; 0.0183263; -0.0061395; 8.5870492; 3.1285019; -0.0044380; 8.5000000; 0.0000000
0.1124387; 14.7734666; 0.4122330; 0.5032767; -0.9998153; 0.0192164; -0.0071849; 8.7867638; 3.1276025; -0.0045697; 8.5000000; 0.0000000
0.1085145; 14.5737993; 0.4357022; 0.4973300; -0.9997984; 0.0200791; -0.0082232; 8.9864791; 3.1266784; -0.0046859; 8.5000000; 0.0000000
0.1044205; 14.3741353; 0.4776859; 0.4971306; -0.9997812; 0.0209174; -0.0092444; 9.1861950; 3.1257326; -0.0047873; 8.5000000; 0.0000000
0.1001613; 14.1744748; 0.4949502; 0.4998250; -0.9997638; 0.0217341; -0.0102401; 9.3859114; 3.1247679; -0.0048749; 8.5000000; 0.0000000
0.0957409; 13.9748178; 0.4832776; 0.5021271; -0.9997461; 0.0225321; -0.0112027; 9.5856282; 3.1237870; -0.0049495; 8.5000000; 0.0000000
0.0911628; 13.7751643; 0.4695444; 0.4991356; -0.9997282; 0.0233136; -0.0121256; 9.7853454; 3.1227924; -0.0050121; 8.5000000; 0.0000000
0.0864301; 13.5755145; 0.4559053; 0.4954938; -0.9997100; 0.0240812; -0.0130034; 9.9850629; 3.1217864; -0.0050634; 8.5000000; 0.0000000
0.0815453; 13.3758683; 0.4418649; 0.4922528; -0.9996915; 0.0248369; -0.0138314; 10.1847807; 3.1207712; -0.0051043; 8.5000000; 0.0000000
0.0765106; 13.1762258; 0.4290190; 0.4887544; -0.9996727; 0.0255828; -0.0146059; 10.3844988; 3.1197488; -0.0051356; 8.5000000; 0.0000000
0.0713277; 12.9765871; 0.4263894; 0.4821046; -0.9996536; 0.0263206; -0.0153237; 10.5842171; 3.1187210; -0.0051582; 8.5000000; 0.0000000
0.0659982; 12.7769523; 0.4277890; 0.4803068; -0.9996340; 0.0270521; -0.0159825; 10.7839356; 3.1176895; -0.0051727; 8.5000000; 0.0000000
0.0605231; 12.5773215; 0.4292972; 0.4799381; -0.9996141; 0.0277787; -0.0165808; 10.9836542; 3.1166558; -0.0051801; 8.5000000; 0.0000000
0.0549033; 12.3776946; 0.4304343; 0.4799524; -0.9995937; 0.0285019; -0.0171172; 11.1833731; 3.1156213; -0.0051811; 8.5000000; 0.0000000
0.0491393; 12.1780719; 0.4312113; 0.4803266; -0.9995729; 0.0292228; -0.0175913; 11.3830921; 3.1145872; -0.0051764; 8.5000000; 0.0000000
0.0432315; 11.9784533; 0.4316447; 0.4810444; -0.9995516; 0.0299425; -0.0180029; 11.5828113; 3.1135545; -0.0051669; 8.5000000; 0.0000000
0.0371799; 11.7788391; 0.4317246; 0.4818543; -0.9995298; 0.0306618; -0.0183521; 11.7825306; 3.1125240; -0.0051534; 8.5000000; 0.0000000
0.0309847; 11.5792293; 0.4315699; 0.4772864; -0.9995075; 0.0313816; -0.0186396; 11.9822501; 3.1114967; -0.0051365; 8.5000000; 0.0000000
0.0246457; 11.3796240; 0.4627788; 0.4791483; -0.9994846; 0.0321023; -0.0188661; 12.1819697; 3.1104729; -0.0051170; 8.5000000; 0.0000000
0.0181626; 11.1800233; 0.5006261; 0.4828780; -0.9994611; 0.0328245; -0.0190327; 12.3816894; 3.1094532; -0.0050958; 8.5000000; 0.0000000
0.0115351; 10.9804274; 0.5096406; 0.4885792; -0.9994371; 0.0335484; -0.0191405; 12.5814092; 3.1084379; -0.0050734; 8.5000000; 0.0000000
0.0047628; 10.7808363; 0.4946219; 0.4945716; -0.9994125; 0.0342741; -0.0191908; 12.7811291; 3.1074270; -0.0050508; 8.5000000; 0.0000000
-0.0021546; 10.5812502; 0.4741790; 0.4912440; -0.9993873; 0.0350017; -0.0191848; 12.9808490; 3.1064207; -0.0050287; 8.5000000; 0.0000000
-0.0092174; 10.3816692; 0.4532357; 0.4856029; -0.9993614; 0.0357309; -0.0191238; 13.1805689; 3.1054186; -0.0050077; 8.5000000; 0.0000000
-0.0164260; 10.1820934; 0.4359729; 0.4771140; -0.9993351; 0.0364616; -0.0190090; 13.3802888; 3.1044206; -0.0049877; 8.5000000; 0.0000000
-0.0237807; 9.9825229; 0.4263091; 0.4803338; -0.9993081; 0.0371944; -0.0188414; 13.5800087; 3.1034273; -0.0049605; 8.5000000; 0.0000000
-0.0312821; 9.7829579; 0.4192757; 0.4942726; -0.9992804; 0.0379301; -0.0186228; 13.7797286; 3.1024396; -0.0049317; 8.5000000; 0.0000000
-0.0389306; 9.5833985; 0.4161816; 0.5075848; -0.9992521; 0.0386685; -0.0183547; 13.9794484; 3.1014573; -0.0049069; 8.5000000; 0.0000000
-0.0467269; 9.3838448; 0.4143558; 0.5199771; -0.9992232; 0.0394088; -0.0180387; 14.1791681; 3.1004794; -0.0048872; 8.5000000; 0.0000000
-0.0546710; 9.1842969; 0.4126412; 0.5322236; -0.9991937; 0.0401497; -0.0176758; 14.3788876; 3.0995049; -0.0048736; 8.5000000; 0.0000000
-0.0627631; 8.9847550; 0.4179934; 0.5313591; -0.9991637; 0.0408901; -0.0172664; 14.5786069; 3.0985324; -0.0048661; 8.5000000; 0.0000000
-0.0710029; 8.7852191; 0.4240306; 0.4981038; -0.9991331; 0.0416289; -0.0168108; 14.7783260; 3.0975610; -0.0048635; 8.5000000; 0.0000000
-0.0793903; 8.5856894; 0.4341235; 0.4871783; -0.9991020; 0.0423697; -0.0163093; 14.9780448; 3.0965942; -0.0048190; 8.5000000; 0.0000000
-0.0879264; 8.3861660; 0.4468726; 0.4918450; -0.9990699; 0.0431192; -0.0157645; 15.1777635; 3.0956386; -0.0047516; 8.5000000; 0.0000000
-0.0966133; 8.1866490; 0.4601424; 0.4988117; -0.9990369; 0.0438787; -0.0151811; 15.3774821; 3.0946957; -0.0046922; 8.5000000; 0.0000000
-0.1054526; 7.9871388; 0.4733306; 0.5058865; -0.9990029; 0.0446462; -0.0145631; 15.5772004; 3.0937635; -0.0046442; 8.5000000; 0.0000000
-0.1144459; 7.7876355; 0.4802700; 0.5144609; -0.9989680; 0.0454195; -0.0139138; 15.7769185; 3.0928397; -0.0046081; 8.5000000; 0.0000000
-0.1235940; 7.5881392; 0.4684879; 0.5235533; -0.9989324; 0.0461962; -0.0132357; 15.9766361; 3.0919219; -0.0045844; 8.5000000; 0.0000000
-0.1328973; 7.3886501; 0.4469196; 0.5250900; -0.9988961; 0.0469739; -0.0125300; 16.1763533; 3.0910079; -0.0045707; 8.5000000; 0.0000000
-0.1423559; 7.1891682; 0.4236765; 0.5223413; -0.9988593; 0.0477511; -0.0117975; 16.3760701; 3.0900959; -0.0045630; 8.5000000; 0.0000000
-0.1519695; 6.9896938; 0.4032295; 0.5162761; -0.9988219; 0.0485270; -0.0110382; 16.5757863; 3.0891853; -0.0045575; 8.5000000; 0.0000000
-0.1617380; 6.7902270; 0.4052384; 0.5180827; -0.9987839; 0.0493016; -0.0102522; 16.7755021; 3.0882759; -0.0045504; 8.5000000; 0.0000000
-0.1716611; 6.5907677; 0.4200283; 0.5254856; -0.9987454; 0.0500755; -0.0094395; 16.9752173; 3.0873685; -0.0045378; 8.5000000; 0.0000000
-0.1817388; 6.3913162; 0.4364997; 0.5339177; -0.9987063; 0.0508502; -0.0086007; 17.1749320; 3.0864646; -0.0045157; 8.5000000; 0.0000000
-0.1919715; 6.1918726; 0.4484137; 0.5428034; -0.9986664; 0.0516282; -0.0077371; 17.3746461; 3.0855664; -0.0044800; 8.5000000; 0.0000000
-0.2023602; 5.9924371; 0.4495225; 0.5524924; -0.9986255; 0.0524123; -0.0068511; 17.5743597; 3.0846771; -0.0044268; 8.5000000; 0.0000000
-0.2129063; 5.7930098; 0.4252500; 0.5566304; -0.9985835; 0.0532067; -0.0059464; 17.7740728; 3.0838006; -0.0043518; 8.5000000; 0.0000000
-0.2236125; 5.5935911; 0.3917268; 0.5520133; -0.9985401; 0.0540161; -0.0050287; 17.9737853; 3.0829416; -0.0042511; 8.5000000; 0.0000000
-0.2344823; 5.3941812; 0.3684834; 0.5478114; -0.9984948; 0.0548459; -0.0041055; 18.1734971; 3.0821057; -0.0041206; 8.5000000; 0.0000000
-0.2455204; 5.1947806; 0.3543932; 0.5529496; -0.9984474; 0.0557025; -0.0031867; 18.3732083; 3.0812992; -0.0039566; 8.5000000; 0.0000000
-0.2567328; 4.9953897; 0.3431437; 0.5646258; -0.9983973; 0.0565930; -0.0022850; 18.5729187; 3.0805292; -0.0037554; 8.5000000; 0.0000000
-0.2681271; 4.7960091; 0.3386049; 0.5869168; -0.9983441; 0.0575251; -0.0014161; 18.7726282; 3.0798034; -0.0035137; 8.5000000; -1.8241025
-0.2797124; 4.5966395; 0.3402151; 0.6133197; -0.9982870; 0.0585071; -0.0005987; 18.9723368; 3.0791301; -0.0032291; 8.4570382; -9.9285884
-0.2914994; 4.3972817; 0.3466933; 0.6337754; -0.9982255; 0.0595479; 0.0001449; 19.1720443; 3.0785182; -0.0028985; 8.2192604; -9.9548873
-0.3035010; 4.1979368; 0.3443247; 0.6230298; -0.9981587; 0.0606565; 0.0007888; 19.3717508; 3.0779769; -0.0025230; 7.9737373; -9.9814184
-0.3157315; 3.9986057; 0.3341536; 0.5956154; -0.9980859; 0.0618424; 0.0013034; 19.5714561; 3.0775155; -0.0020972; 7.7197237; -10.0079620
-0.3282073; 3.7992898; 0.3252178; 0.5851845; -0.9980063; 0.0631146; 0.0016555; 19.7711605; 3.0771432; -0.0016311; 7.4563517; -10.0333458
-0.3409460; 3.5999905; 0.3187441; 0.5897523; -0.9979194; 0.0644732; 0.0018094; 19.9708642; 3.0768603; -0.0012034; 7.1826242; -10.0530063
-0.3539631; 3.4007093; 0.3132216; 0.5967255; -0.9978264; 0.0658977; 0.0017332; 20.1705676; 3.0766463; -0.0009412; 6.8974740; -10.0586958
-0.3672682; 3.2014470; 0.3082995; 0.6030895; -0.9977293; 0.0673510; 0.0014071; 20.3702716; 3.0764643; -0.0008833; 6.5998434; -10.0356926
-0.3808610; 3.0022050; 0.3039341; 0.6087597; -0.9976331; 0.0687622; 0.0008312; 20.5699759; 3.0762440; -0.0013283; 6.2888715; -10.0357016
-0.3946364; 2.8029783; 0.3001098; 0.6112002; -0.9976352; 0.0687317; 0.0001098; 20.7696795; 3.0761613; 0.0005236; 5.9617006; -8.9246832
-0.4079302; 2.6037174; 0.3030664; 0.6073415; -0.9980166; 0.0629517; -0.0003752; 20.9693829; 3.0797594; 0.0358580; 5.6548703; -7.4380764
-0.4192220; 2.4043303; 0.3180672; 0.5977256; -0.9988092; 0.0487874; -0.0004268; 21.1690851; 3.0923608; 0.0905518; 5.3858109; -6.3378940
-0.4268464; 2.2047715; 0.3387225; 0.5843904; -0.9996605; 0.0260555; -0.0004081; 21.3687845; 3.1154391; 0.1405501; 5.1454590; -5.4894405
-0.4290066; 2.0050837; 0.3631455; 0.5672718; -0.9999818; -0.0060254; -0.0005322; 21.5684778; -3.1349453; 0.1879775; 4.9278180; -4.7877514
-0.4237964; 1.8054588; 0.3920758; 0.5456700; -0.9988584; -0.0477698; -0.0007989; 21.7681577; -3.0926982; 0.2352193; 4.7298278; -4.1906974
-0.4092823; 1.6063020; 0.4259718; 0.5191792; -0.9950682; -0.0991935; -0.0011483; 21.9678148; -3.0409790; 0.2829060; 4.5494617; -3.6566163
-0.3835429; 1.4082925; 0.4648655; 0.4878340; -0.9870936; -0.1601442; -0.0015159; 22.1674396; -2.9796076; 0.3319760; 4.3860269; -3.1533779
-0.3447069; 1.2124417; 0.5081817; 0.4522936; -0.9731242; -0.2302811; -0.0018667; 22.3670250; -2.9082467; 0.3830675; 4.2400288; -2.6562513
-0.2909854; 1.0201544; 0.5544898; 0.4140911; -0.9510198; -0.3091301; -0.0021966; 22.5665647; -2.8264812; 0.4363355; 4.1130278; -2.1442857
-0.2206927; 0.8333034; 0.6017696; 0.3758135; -0.9181933; -0.3961327; -0.0024800; 22.7660536; -2.7339209; 0.4913598; 4.0075702; -1.5282050
-0.1322840; 0.6543317; 0.6625359; 0.3393685; -0.8715385; -0.4903270; -0.0025943; 22.9654930; -2.6299850; 0.5505568; 3.9306855; -0.7676739
-0.0244666; 0.4863765; 0.7703881; 0.3092431; -0.8071979; -0.5902809; -0.0023035; 23.1648969; -2.5140334; 0.6118789; 3.8914903; -0.0337527
0.1035219; 0.3332763; 0.8326798; 0.3012041; -0.7228201; -0.6910362; -0.0012041; 23.3643547; -2.3870725; 0.6609291; 3.8897579; -0.0337527
0.2506675; 0.1984635; 0.7383027; 0.3245453; -0.6269787; -0.7790364; 0.0006245; 23.5640260; -2.2581585; 0.6320022; 3.8880248; 0.4124670
0.4133454; 0.0828344; 0.6345607; 0.3621569; -0.5314870; -0.8470665; 0.0022268; 23.7639016; -2.1384674; 0.5682446; 3.9091516; 1.2822984
0.5878674; -0.0140566; 0.5826037; 0.3957444; -0.4395988; -0.8981942; 0.0033295; 23.9639059; -2.0308887; 0.5103740; 3.9741147; 1.9041313
0.7711835; -0.0931101; 0.5435676; 0.4277673; -0.3531440; -0.9355690; 0.0039313; 24.1639613; -1.9340943; 0.4599352; 4.0686674; 2.3492793
0.9608186; -0.1555432; 0.5054535; 0.4592062; -0.2732172; -0.9619524; 0.0039757; 24.3640048; -1.8472785; 0.4101115; 4.1823801; 2.7871834
1.1548318; -0.2027037; 0.4697507; 0.4884707; -0.2002893; -0.9797368; 0.0035438; 24.5639999; -1.7701312; 0.3629520; 4.3134025; 3.2056126
1.3517024; -0.2360379; 0.4372211; 0.5147121; -0.1348009; -0.9908727; 0.0027607; 24.7639223; -1.7022551; 0.3170941; 4.4593374; 3.6500041
1.5502743; -0.2570599; 0.4081486; 0.5375731; -0.0770352; -0.9970284; 0.0017696; 24.9637673; -1.6433817; 0.2726988; 4.6198938; 4.1320631
1.7496982; -0.2673348; 0.3825040; 0.5570198; -0.0271933; -0.9996302; 0.0007013; 25.1635417; -1.5932918; 0.2290564; 4.7951716; 4.6818590
1.9493877; -0.2684583; 0.3600630; 0.5732217; 0.0145840; -0.9998936; -0.0003291; 25.3632596; -1.5518114; 0.1864312; 4.9863312; 5.2445341
2.1489833; -0.2620489; 0.3404970; 0.5864627; 0.0482614; -0.9988347; -0.0012345; 25.5629434; -1.5188588; 0.1436155; 5.1921139; 5.2398616
2.3483045; -0.2497152; 0.3234283; 0.5970849; 0.0739276; -0.9972636; -0.0019105; 25.7626119; -1.4944743; 0.1006083; 5.3898728; 5.2351932
2.5473112; -0.2330503; 0.3089310; 0.6052177; 0.0916459; -0.9957917; -0.0022317; 25.9622808; -1.4786764; 0.0576162; 5.5804611; 5.2305290
2.7460721; -0.2136566; 0.3050790; 0.6081894; 0.1011641; -0.9948698; -0.0021063; 26.1619653; -1.4711808; 0.0174994; 5.7645902; 5.2258689
2.9447300; -0.1932189; 0.3044324; 0.6101602; 0.1020475; -0.9947795; -0.0016190; 26.3616703; -1.4715205; -0.0208746; 5.9428608; 5.2212130
3.1434579; -0.1734788; 0.3018184; 0.6127662; 0.0941983; -0.9955535; -0.0009745; 26.5613875; -1.4795854; -0.0599104; 6.1157852; 5.2165612
3.3424092; -0.1561740; 0.3003740; 0.6140442; 0.0776510; -0.9969806; -0.0003651; 26.7611037; -1.4954317; -0.0988043; 6.2838049; 5.2119136
3.5416738; -0.1430429; 0.3000000; 0.6142511; 0.0524126; -0.9986255; -0.0000000; 26.9608098; -1.5187405; -0.1346127; 6.4473036; 4.3117256
3.7412287; -0.1356350; 0.3000000; 0.6140848; 0.0212444; -0.9997743; -0.0000000; 27.1605097; -1.5488577; -0.1670000; 6.5794931; 2.6740451
3.9409207; -0.1346050; 0.3000000; 0.6139206; -0.0106318; -0.9999435; -0.0000000; 27.3602130; -1.5810825; -0.1551537; 6.6601563; 3.0187858
4.1405554; -0.1396834; 0.3000129; 0.6137467; -0.0395319; -0.9992183; -0.0000119; 27.5599191; -1.6096045; -0.1303499; 6.7500605; 3.9591834
4.3399858; -0.1500952; 0.3002133; 0.6133887; -0.0639340; -0.9979541; -0.0001684; 27.7596278; -1.6332699; -0.1067024; 6.8661871; 4.8643943
4.5391386; -0.1648934; 0.3007522; 0.6126955; -0.0834397; -0.9965128; -0.0004731; 27.9593391; -1.6522957; -0.0838670; 7.0062296; -0.1609476
4.7380115; -0.1830909; 0.3017036; 0.6115930; -0.0979720; -0.9951892; -0.0008555; 28.1590545; -1.6667890; -0.0612986; 7.0016409; -7.0754205
4.9366515; -0.2036915; 0.3031093; 0.6100389; -0.1075000; -0.9942051; -0.0012188; 28.3587707; -1.6768043; -0.0390160; 6.7968531; -8.2846267
5.1351412; -0.2256930; 0.3049283; 0.6082318; -0.1120011; -0.9937081; -0.0014477; 28.5584825; -1.6823804; -0.0168335; 6.5489328; -9.3707402
5.3335875; -0.2480909; 0.3060734; 0.6087610; -0.1114675; -0.9937681; -0.0014168; 28.7581880; -1.6835325; 0.0052949; 6.2566812; -9.1151419
5.5321014; -0.2698771; 0.3041929; 0.6130987; -0.1058654; -0.9943805; -0.0009932; 28.9578877; -1.6802924; 0.0271524; 5.9586642; -8.4598148
5.7307840; -0.2900426; 0.3000000; 0.6191948; -0.0952755; -0.9954509; -0.0000442; 29.1575887; -1.6725735; 0.0501713; 5.6680703; -7.6077717
5.9297124; -0.3076273; 0.3014063; 0.6199641; -0.0801217; -0.9967851; 0.0014063; 29.3573105; -1.6591466; 0.0844701; 5.3933894; -6.6074221
6.1289282; -0.3216213; 0.3180539; 0.6072336; -0.0586091; -0.9982810; 0.0029904; 29.5570758; -1.6376999; 0.1304956; 5.1429364; -5.7145378
6.3284378; -0.3304371; 0.3483977; 0.5831189; -0.0280827; -0.9996056; 0.0045061; 29.7569096; -1.6067471; 0.1795539; 4.9160491; -4.9650669
6.5281277; -0.3322042; 0.3839819; 0.5547014; 0.0119670; -0.9999284; 0.0058704; 29.9568348; -1.5659393; 0.2291870; 4.7100534; -4.3337174
6.7276884; -0.3250272; 0.4217455; 0.5242781; 0.0614800; -0.9981083; 0.0069910; 30.1568687; -1.5151816; 0.2792590; 4.5225894; -3.7847116
6.9265554; -0.3070254; 0.4618430; 0.4917526; 0.1203448; -0.9927322; 0.0077582; 30.3570179; -1.4543333; 0.3303479; 4.3522738; -3.2928589
7.1238534; -0.2763506; 0.5039601; 0.4575021; 0.1883549; -0.9821010; 0.0080414; 30.5572731; -1.3831675; 0.3827305; 4.1984752; -2.8413850
7.3183351; -0.2312010; 0.5471942; 0.4224931; 0.2652694; -0.9641743; 0.0077142; 30.7576052; -1.3014416; 0.4362860; 4.0610847; -2.3947833
7.5083049; -0.1698299; 0.5900158; 0.3883095; 0.3507342; -0.9364750; 0.0067146; 30.9579641; -1.2088552; 0.4917534; 3.9415717; -1.9085311
7.6915157; -0.0905912; 0.6355620; 0.3564549; 0.4440942; -0.8959801; 0.0050869; 31.1582723; -1.1049590; 0.5499226; 3.8436653; -1.1494348
7.8650686; 0.0079330; 0.7317434; 0.3244624; 0.5435093; -0.8394031; 0.0029183; 31.3584226; -0.9882634; 0.6205157; 3.7834779; -0.0978034
8.0254595; 0.1266476; 0.8799834; 0.3000000; 0.6456805; -0.7636077; 0.0000000; 31.5583158; -0.8570635; 0.6958735; 3.7783124; -0.0318180
8.1686165; 0.2656501; 0.8736803; 0.3035873; 0.7455276; -0.6664748; -0.0035873; 31.7577937; -0.7175315; 0.7011179; 3.7766304; -0.0318180
8.2908257; 0.4234241; 0.7010819; 0.3344373; 0.8305224; -0.5569853; -0.0063510; 31.9568395; -0.5846485; 0.6278156; 3.7749477; 1.0216937
8.3913042; 0.5958876; 0.5509566; 0.3750499; 0.8927645; -0.4505235; -0.0076455; 32.1556925; -0.4674433; 0.5464248; 3.8286122; 1.9576568
8.4714130; 0.7787348; 0.4764967; 0.4181495; 0.9354481; -0.3534641; -0.0076889; 32.3545890; -0.3660204; 0.4700989; 3.9293911; 2.7071755
8.5332587; 0.9685597; 0.4338709; 0.4612478; 0.9634345; -0.2679441; -0.0067939; 32.5536450; -0.2793534; 0.3984461; 4.0646401; 3.3802970
8.5792975; 1.1628426; 0.3951511; 0.5012569; 0.9807326; -0.1953552; -0.0052647; 32.7529055; -0.2066562; 0.3300511; 4.2274476; 4.0616862
8.6122086; 1.3597899; 0.3600078; 0.5376519; 0.9906257; -0.1366042; -0.0034318; 32.9523595; -0.1473424; 0.2642847; 4.4151397; 4.8046905
8.6348204; 1.5581971; 0.3287103; 0.5699335; 0.9957325; -0.0922869; -0.0016823; 33.1519600; -0.1009788; 0.2002430; 4.6273473; 5.2522330
8.6500490; 1.7573154; 0.3072732; 0.5894585; 0.9980335; -0.0626832; -0.0004506; 33.3516397; -0.0673641; 0.1364978; 4.8487076; 5.2475536
8.6607411; 1.9567277; 0.3000000; 0.5935416; 0.9989246; -0.0463637; 0.0000000; 33.5513380; -0.0474675; 0.0625970; 5.0602094; 5.2428784
8.6692261; 2.1562453; 0.3000980; 0.5937096; 0.9992017; -0.0399503; 0.0000980; 33.7510366; -0.0406309; 0.0061959; 5.2630415; 5.2382073
8.6770498; 2.3557960; 0.3013655; 0.5942288; 0.9992458; -0.0388317; 0.0003150; 33.9507409; -0.0401152; -0.0001200; 5.4581707; 5.2335404
8.6848263; 2.5553511; 0.3022862; 0.5950195; 0.9992364; -0.0390714; 0.0005475; 34.1504475; -0.0400897; 0.0004856; 5.6463957; 5.2288776
8.6926635; 2.7549030; 0.3028931; 0.5952499; 0.9992222; -0.0394340; 0.0007005; 34.3501531; -0.0399377; 0.0010337; 5.8283857; 5.2242190
8.7005816; 2.9544520; 0.3036472; 0.5962968; 0.9992049; -0.0398706; 0.0007330; 34.5498588; -0.0397073; 0.0012676; 6.0047076; 5.2195646
8.7085903; 3.1539973; 0.3058891; 0.6025004; 0.9991861; -0.0403370; 0.0006250; 34.7495645; -0.0394435; 0.0013721; 6.1758473; 5.2149143
8.7166922; 3.3535389; 0.3096234; 0.6125821; 0.9991675; -0.0407961; 0.0003705; 34.9492704; -0.0391831; 0.0012319; 6.3422242; 5.2102681
8.7248816; 3.5530769; 0.3138400; 0.6222495; 0.9991506; -0.0412077; -0.0000195; 35.1489767; -0.0389664; 0.0009350; 6.5042041; 5.2056261
8.7331465; 3.7526117; 0.3184606; 0.6315784; 0.9991364; -0.0415501; -0.0005218; 35.3486833; -0.0388156; 0.0005740; 6.6621077; 5.2009882
8.7414724; 3.9521441; 0.3234043; 0.6405965; 0.9991252; -0.0418202; -0.0011079; 35.5483904; -0.0387343; 0.0002415; 6.8162186; 5.1963545
8.7498457; 4.1516744; 0.3288096; 0.6481545; 0.9991165; -0.0420268; -0.0017513; 35.7480976; -0.0387135; -0.0000321; 6.9667885; 5.1917248
8.7582549; 4.3512032; 0.3341381; 0.6485805; 0.9991100; -0.0421810; -0.0024294; 35.9478050; -0.0387423; -0.0002551; 7.1140424; 5.1870993
8.7666905; 4.5507309; 0.3332584; 0.6351540; 0.9991053; -0.0422929; -0.0031240; 36.1475125; -0.0388105; -0.0004271; 7.2581822; 5.1824780
8.7751451; 4.7502578; 0.3248775; 0.6128672; 0.9991019; -0.0423723; -0.0038206; 36.3472199; -0.0389082; -0.0005514; 7.3993901; 5.1778607
8.7836130; 4.9497841; 0.3175547; 0.5913788; 0.9990995; -0.0424285; -0.0045089; 36.5469273; -0.0390264; -0.0006308; 7.5378308; 5.1732476
8.7920905; 5.1493100; 0.3162781; 0.5761478; 0.9990977; -0.0424700; -0.0051819; 36.7466345; -0.0391562; -0.0006690; 7.6736543; 5.1686385
8.8005755; 5.3488356; 0.3226789; 0.5689977; 0.9990963; -0.0425046; -0.0058358; 36.9463417; -0.0392900; -0.0006699; 7.8069974; 5.1640336
8.8090674; 5.5483609; 0.3337948; 0.5644276; 0.9990948; -0.0425394; -0.0064701; 37.1460489; -0.0394206; -0.0006380; 7.9379850; 5.1594328
8.8175667; 5.7478859; 0.3445146; 0.5630896; 0.9990930; -0.0425803; -0.0070867; 37.3457561; -0.0395421; -0.0005779; 8.0667321; 5.1548360
8.8260752; 5.9474105; 0.3465126; 0.5637233; 0.9990908; -0.0426326; -0.0076896; 37.5454633; -0.0396492; -0.0004948; 8.1933443; 5.1502434
8.8345957; 6.1469346; 0.3453292; 0.5640155; 0.9990879; -0.0427002; -0.0082849; 37.7451707; -0.0397380; -0.0003937; 8.3179193; 5.1456549
8.8431314; 6.3464580; 0.3441695; 0.5642836; 0.9990843; -0.0427861; -0.0088800; 37.9448782; -0.0398053; -0.0002801; 8.4405473; 2.5218292
8.8516863; 6.5459807; 0.3430889; 0.5645149; 0.9990797; -0.0428924; -0.0094832; 38.1445860; -0.0398492; -0.0001595; 8.5000000; 0.0000000
8.8602646; 6.7455023; 0.3424468; 0.5652713; 0.9990742; -0.0430198; -0.0101035; 38.3442942; -0.0398688; -0.0000372; 8.5000000; 0.0000000
8.8688704; 6.9450227; 0.3437254; 0.5699664; 0.9990678; -0.0431682; -0.0107500; 38.5440027; -0.0398644; 0.0000813; 8.5000000; 0.0000000
8.8775078; 7.1445418; 0.3446926; 0.5796433; 0.9990606; -0.0433361; -0.0114314; 38.7437117; -0.0398372; 0.0001905; 8.5000000; 0.0000000
8.8861804; 7.3440593; 0.3422387; 0.5896982; 0.9990525; -0.0435212; -0.0121557; 38.9434212; -0.0397897; 0.0002853; 8.5000000; 0.0000000
8.8948916; 7.5435752; 0.3400483; 0.5994836; 0.9990438; -0.0437201; -0.0129298; 39.1431311; -0.0397252; 0.0003604; 8.5000000; 0.0000000
8.9036434; 7.7430893; 0.3381495; 0.6089707; 0.9990347; -0.0439283; -0.0137590; 39.3428416; -0.0396482; 0.0004107; 8.5000000; 0.0000000
8.9124373; 7.9426015; 0.3365622; 0.6181381; 0.9990253; -0.0441407; -0.0146465; 39.5425525; -0.0395637; 0.0004343; 8.5000000; 0.0000000
8.9212736; 8.1421119; 0.3352987; 0.6269733; 0.9990160; -0.0443521; -0.0155936; 39.7422639; -0.0394771; 0.0004333; 8.5000000; 0.0000000
8.9301517; 8.3416204; 0.3343630; 0.6354713; 0.9990068; -0.0445579; -0.0165997; 39.9419757; -0.0393928; 0.0004097; 8.5000000; 0.0000000
8.9390699; 8.5411271; 0.3337523; 0.6436349; 0.9989981; -0.0447537; -0.0176621; 40.1416878; -0.0393154; 0.0003657; 8.5000000; 0.0000000
8.9480259; 8.7406322; 0.3334553; 0.6514704; 0.9989899; -0.0449357; -0.0187768; 40.3414002; -0.0392485; 0.0003034; 8.5000000; 0.0000000
8.9570166; 8.9401356; 0.3332832; 0.6586977; 0.9989825; -0.0451004; -0.0199382; 40.5411127; -0.0391958; 0.0002244; 8.5000000; 0.0000000
8.9660382; 9.1396377; 0.3314728; 0.6617371; 0.9989759; -0.0452448; -0.0211393; 40.7408253; -0.0391602; 0.0001317; 8.5000000; 0.0000000
8.9750864; 9.3391386; 0.3261030; 0.6508877; 0.9989704; -0.0453663; -0.0223721; 40.9405377; -0.0391445; 0.0000258; 8.5000000; 0.0000000
8.9841564; 9.5386385; 0.3193289; 0.6270530; 0.9989661; -0.0454623; -0.0236275; 41.1402498; -0.0391510; -0.0000916; 8.5000000; 0.0000000
8.9932428; 9.7381376; 0.3159106; 0.6072476; 0.9989629; -0.0455309; -0.0248956; 41.3399614; -0.0391818; -0.0002170; 8.5000000; 0.0000000
9.0023400; 9.9376363; 0.3166031; 0.5976728; 0.9989611; -0.0455705; -0.0261657; 41.5396724; -0.0392385; -0.0003506; 8.5000000; 0.0000000
9.0114422; 10.1371347; 0.3166627; 0.5953661; 0.9989607; -0.0455798; -0.0274265; 41.7393826; -0.0393224; -0.0004897; 8.5000000; 0.0000000
9.0205430; 10.3366331; 0.3167537; 0.5933558; 0.9989617; -0.0455578; -0.0286665; 41.9390918; -0.0394345; -0.0006334; 8.5000000; 0.0000000
9.0296363; 10.5361320; 0.3170578; 0.5914192; 0.9989642; -0.0455037; -0.0298734; 42.1387998; -0.0395756; -0.0007799; 8.5000000; 0.0000000
9.0387156; 10.7356314; 0.3191053; 0.5906630; 0.9989681; -0.0454170; -0.0310350; 42.3385065; -0.0397461; -0.0009280; 8.5000000; 0.0000000
9.0477743; 10.9351318; 0.3217412; 0.5913140; 0.9989735; -0.0452978; -0.0321388; 42.5382117; -0.0399462; -0.0010761; 8.5000000; 0.0000000
9.0568059; 11.1346334; 0.3208437; 0.5914433; 0.9989804; -0.0451460; -0.0331725; 42.7379154; -0.0401758; -0.0012229; 8.5000000; 0.0000000
9.0658040; 11.3341366; 0.3192160; 0.5915721; 0.9989887; -0.0449621; -0.0341238; 42.9376174; -0.0404344; -0.0013671; 8.5000000; 0.0000000
9.0747622; 11.5336415; 0.3174128; 0.5918762; 0.9989984; -0.0447467; -0.0349805; 43.1373177; -0.0407214; -0.0015072; 8.5000000; 0.0000000
9.0836743; 11.7331485; 0.3156095; 0.5924200; 0.9990093; -0.0445009; -0.0357309; 43.3370163; -0.0410358; -0.0016417; 8.5000000; 0.0000000
9.0925344; 11.9326577; 0.3157824; 0.5934064; 0.9990216; -0.0442258; -0.0363636; 43.5367134; -0.0413764; -0.0017693; 8.5000000; 0.0000000
9.1013368; 12.1321696; 0.3181510; 0.5942881; 0.9990349; -0.0439231; -0.0368680; 43.7364088; -0.0417416; -0.0018885; 8.5000000; 0.0000000
9.1100761; 12.3316842; 0.3182535; 0.5940639; 0.9990493; -0.0435946; -0.0372338; 43.9361029; -0.0421296; -0.0019976; 8.5000000; 0.0000000
9.1187474; 12.5312018; 0.3170869; 0.5937300; 0.9990646; -0.0432424; -0.0374519; 44.1357958; -0.0425383; -0.0020951; 8.5000000; 0.0000000
9.1273462; 12.7307225; 0.3155409; 0.5937741; 0.9990807; -0.0428690; -0.0375140; 44.3354877; -0.0429651; -0.0021792; 8.5000000; 0.0000000
9.1358686; 12.9302465; 0.3137768; 0.5942313; 0.9990974; -0.0424774; -0.0374126; 44.5351790; -0.0434071; -0.0022483; 8.5000000; 0.0000000
9.1443112; 13.1297739; 0.3134609; 0.5951828; 0.9991146; -0.0420705; -0.0371418; 44.7348699; -0.0438614; -0.0023004; 8.5000000; 0.0000000
9.1526713; 13.3293047; 0.3151373; 0.5960961; 0.9991322; -0.0416522; -0.0366968; 44.9345608; -0.0443241; -0.0023337; 8.5000000; 0.0000000
9.1609470; 13.5288391; 0.3148361; 0.5960308; 0.9991498; -0.0412262; -0.0360744; 45.1342522; -0.0447914; -0.0023462; 8.5000000; 0.0000000
9.1691373; 13.7283770; 0.3127520; 0.5957433; 0.9991675; -0.0407970; -0.0352730; 45.3339444; -0.0452589; -0.0023359; 8.5000000; 0.0000000
9.1772420; 13.9279183; 0.3102441; 0.5958769; 0.9991848; -0.0403694; -0.0342930; 45.5336378; -0.0457219; -0.0023006; 8.5000000; 0.0000000
9.1852618; 14.1274632; 0.3073819; 0.5962337; 0.9992017; -0.0399484; -0.0331365; 45.7333329; -0.0461751; -0.0022381; 8.5000000; 0.0000000
9.1931987; 14.3270113; 0.3049123; 0.5950559; 0.9992180; -0.0395399; -0.0318081; 45.9330299; -0.0466130; -0.0021463; 8.5000000; 0.0000000
9.2010557; 14.5265626; 0.3055004; 0.5905968; 0.9992334; -0.0391498; -0.0303144; 46.1327293; -0.0470293; -0.0020230; 8.5000000; 0.0000000
9.2088372; 14.7261168; 0.3111494; 0.5857413; 0.9992476; -0.0387847; -0.0286648; 46.3324313; -0.0474177; -0.0018659; 8.5000000; 0.0000000
9.2165489; 14.9256738; 0.3190745; 0.5820307; 0.9992605; -0.0384516; -0.0268713; 46.5321360; -0.0477711; -0.0016730; 8.5000000; 0.0000000
9.2241979; 15.1252332; 0.3275603; 0.5801623; 0.9992717; -0.0381578; -0.0249486; 46.7318435; -0.0480822; -0.0014422; 8.5000000; 0.0000000
9.2317927; 15.3247947; 0.3365829; 0.5827597; 0.9992811; -0.0379111; -0.0229148; 46.9315539; -0.0483433; -0.0011714; 8.5000000; 0.0000000
9.2393437; 15.5243578; 0.3437045; 0.5890386; 0.9992884; -0.0377198; -0.0207909; 47.1312669; -0.0485460; -0.0008584; 8.5000000; 0.0000000
9.2468627; 15.7239222; 0.3493243; 0.5961646; 0.9992932; -0.0375919; -0.0186012; 47.3309824; -0.0486823; -0.0005059; 8.5000000; 0.0000000
9.2543630; 15.9234873; 0.3551579; 0.6030835; 0.9992953; -0.0375344; -0.0163732; 47.5306998; -0.0487454; -0.0001250; 8.5000000; 0.0000000
9.2618593; 16.1230525; 0.3613273; 0.6096709; 0.9992947; -0.0375514; -0.0141366; 47.7304185; -0.0487308; 0.0002709; 8.5000000; 0.0000000
9.2693666; 16.3226173; 0.3679591; 0.6157975; 0.9992912; -0.0376446; -0.0119223; 47.9301380; -0.0486370; 0.0006692; 8.5000000; 0.0000000
9.2769000; 16.5221812; 0.3753988; 0.6215562; 0.9992848; -0.0378132; -0.0097611; 48.1298575; -0.0484646; 0.0010565; 8.5000000; 0.0000000
9.2844744; 16.7217435; 0.3851471; 0.6286046; 0.9992757; -0.0380535; -0.0076832; 48.3295764; -0.0482174; 0.0014197; 8.5000000; 0.0000000
9.2921034; 16.9213037; 0.3932842; 0.6364053; 0.9992640; -0.0383593; -0.0057167; 48.5292941; -0.0479012; 0.0017458; 8.5000000; 0.0000000
9.2997994; 17.1208613; 0.3867392; 0.6369739; 0.9992500; -0.0387220; -0.0038869; 48.7290102; -0.0475249; 0.0020221; 8.5000000; 0.0000000
9.3075725; 17.3204160; 0.3705185; 0.6310989; 0.9992341; -0.0391302; -0.0022148; 48.9287244; -0.0470995; 0.0022367; 8.5000000; 0.0000000
9.3154306; 17.5199673; 0.3554322; 0.6241319; 0.9992168; -0.0395706; -0.0007167; 49.1284366; -0.0466385; 0.0023784; 8.5000000; 0.0000000
9.3233785; 17.7195150; 0.3415350; 0.6160274; 0.9991986; -0.0400274; 0.0005970; 49.3281469; -0.0461575; 0.0024372; 8.5000000; 0.0000000
9.3314179; 17.9190591; 0.3290601; 0.6069861; 0.9991802; -0.0404832; 0.0017225; 49.5278556; -0.0456739; 0.0024042; 8.5000000; 0.0000000
9.3395467; 18.1185996; 0.3198959; 0.5992182; 0.9991625; -0.0409189; 0.0026634; 49.7275628; -0.0452068; 0.0022716; 8.5000000; 0.0000000
9.3477587; 18.3181366; 0.3162718; 0.5968485; 0.9991462; -0.0413139; 0.0034312; 49.9272690; -0.0447768; 0.0020329; 8.5000000; 0.0000000
9.3560438; 18.5176707; 0.3143188; 0.5987409; 0.9991324; -0.0416469; 0.0040457; 50.1269747; -0.0444051; 0.0016872; 8.5000000; -6.3357431
9.3643871; 18.7172023; 0.3111736; 0.6005945; 0.9991222; -0.0418908; 0.0045362; 50.3266802; -0.0441186; 0.0011780; 8.3498292; -10.0734244
9.3727664; 18.9167323; 0.3088781; 0.6016036; 0.9991177; -0.0419978; 0.0049462; 50.5263861; -0.0439644; 0.0003587; 8.1053409; -10.1004323
9.3811494; 19.1162620; 0.3072578; 0.6019428; 0.9991208; -0.0419230; 0.0053400; 50.7260925; -0.0439883; -0.0006021; 7.8525580; -10.1004379
9.3895063; 19.3157926; 0.3061746; 0.6018221; 0.9991269; -0.0417783; 0.0057766; 50.9257994; -0.0440855; -0.0003397; 7.5913623; -10.0217527
9.3978514; 19.5153241; 0.3062255; 0.6013989; 0.9991234; -0.0418629; 0.0062255; 51.1255052; -0.0439421; 0.0018252; 7.3229995; -9.8794970
9.4062530; 19.7148533; 0.3091208; 0.6004289; 0.9991032; -0.0423416; 0.0065384; 51.3252085; -0.0432965; 0.0046564; 7.0484519; -9.7562016
9.4147879; 19.9143769; 0.3130543; 0.5983902; 0.9990668; -0.0431928; 0.0065290; 51.5249089; -0.0420773; 0.0075558; 6.7664074; -9.6637682
9.4235273; 20.1138914; 0.3128915; 0.5960963; 0.9990146; -0.0443829; 0.0060119; 51.7246080; -0.0402989; 0.0102507; 6.4749347; -9.5951462
9.4325356; 20.3133944; 0.3108552; 0.5956800; 0.9989469; -0.0458824; 0.0048146; 51.9243098; -0.0379913; 0.0128589; 6.1719280; -9.5698880
9.4418687; 20.5128819; 0.3063088; 0.5977746; 0.9988658; -0.0476135; 0.0027812; 52.1240194; -0.0352298; 0.0147812; 5.8541182; -9.5691964
9.4513905; 20.7123549; 0.3000000; 0.6017019; 0.9988992; -0.0469084; 0.0000000; 52.3237387; -0.0325584; 0.0118478; 5.5180594; -8.9383618
9.4599337; 20.9118668; 0.3035921; 0.5967969; 0.9993468; -0.0361371; -0.0024956; 52.5234328; -0.0272978; 0.0417275; 5.1845155; -7.3677721
9.4649478; 21.1115041; 0.3336284; 0.5704111; 0.9999255; -0.0122094; -0.0034268; 52.7230655; -0.0120356; 0.1121971; 4.8925126; -6.1155577
9.4640571; 21.3112045; 0.3725651; 0.5425255; 0.9997348; 0.0230309; -0.0029949; 52.9226630; 0.0174346; 0.1829508; 4.6361908; -5.1129065
9.4549874; 21.5106918; 0.4136531; 0.5133193; 0.9975675; 0.0697065; -0.0017446; 53.1222667; 0.0610074; 0.2534657; 4.4104746; -4.3079831
9.4354485; 21.7094156; 0.4569088; 0.4821014; 0.9917880; 0.1278925; -0.0001655; 53.3219285; 0.1185810; 0.3232374; 4.2109115; -3.6437872
9.4031366; 21.9064511; 0.5027826; 0.4484858; 0.9802798; 0.1976147; 0.0013452; 53.5216875; 0.1900457; 0.3927448; 4.0344181; -3.0623783
9.3557646; 22.1003966; 0.5514298; 0.4123856; 0.9603896; 0.2786606; 0.0024949; 53.7215606; 0.2754496; 0.4630956; 3.8798821; -2.4711137
9.2911336; 22.2892657; 0.6029224; 0.3740443; 0.9289163; 0.3702897; 0.0030670; 53.9215363; 0.3752624; 0.5374631; 3.7505437; -1.7685688
9.2072614; 22.4703841; 0.6597075; 0.3351641; 0.8820932; 0.4710749; 0.0028259; 54.1215706; 0.4905192; 0.6183443; 3.6551679; -0.7650184
9.1025256; 22.6402609; 0.7316506; 0.3045838; 0.8155049; 0.5787501; 0.0014787; 54.3215615; 0.6228677; 0.7096363; 3.6131318; -0.0290967
8.9759743; 22.7945386; 0.8008655; 0.3011589; 0.7253750; 0.6883539; -0.0011589; 54.5213201; 0.7700582; 0.7666889; 3.6115233; -0.0290967
8.8284144; 22.9288706; 0.7257659; 0.3176031; 0.6186432; 0.7856721; -0.0044386; 54.7206656; 0.9157133; 0.6899368; 3.6099141; 0.9800311
8.6636939; 23.0415397; 0.5910082; 0.3552085; 0.5104291; 0.8599198; -0.0073020; 54.9196223; 1.0446181; 0.6015602; 3.6637252; 1.8953844
8.4863589; 23.1331476; 0.5354405; 0.3921021; 0.4082130; 0.9128867; -0.0094064; 55.1183744; 1.1563768; 0.5185767; 3.7656149; 2.6150239
8.3001779; 23.2051570; 0.5068198; 0.4187310; 0.3145592; 0.9492378; -0.0105385; 55.3170733; 1.2523226; 0.4428879; 3.9018248; 3.2234072
8.1080707; 23.2594931; 0.4758523; 0.4478105; 0.2315186; 0.9728305; -0.0105841; 55.5158592; 1.3337989; 0.3735483; 4.0634459; 3.7952885
7.9122436; 23.2984341; 0.4431433; 0.4786904; 0.1605831; 0.9870223; -0.0096135; 55.7148291; 1.4019010; 0.3088303; 4.2458621; 4.3923941
7.7142753; 23.3244979; 0.4093456; 0.5107187; 0.1026573; 0.9947168; -0.0078524; 55.9140263; 1.4573297; 0.2465439; 4.4476474; 5.0788472
7.5152157; 23.3403358; 0.3747262; 0.5436221; 0.0582400; 0.9983026; -0.0056103; 56.1134404; 1.5005153; 0.1861480; 4.6701117; 5.2513461
7.3156924; 23.3486807; 0.3393581; 0.5771067; 0.0276587; 0.9996174; -0.0032696; 56.3130213; 1.5317876; 0.1271657; 4.8895002; 5.2466674
7.1160220; 23.3523129; 0.3087213; 0.6013982; 0.0110465; 0.9999390; -0.0012725; 56.5126978; 1.5513073; 0.0683791; 5.0992756; 5.2419930
6.9163229; 23.3539142; 0.3000120; 0.6068615; 0.0067742; 0.9999771; 0.0000120; 56.7124042; 1.5594974; 0.0136713; 5.3005797; 5.2373227
6.7166230; 23.3554457; 0.3026176; 0.6052642; 0.0089177; 0.9999602; 0.0005737; 56.9121100; 1.5605863; -0.0026075; 5.4943437; 5.2326566
6.5169281; 23.3575482; 0.3026675; 0.6062095; 0.0121444; 0.9999263; 0.0006052; 57.1118141; 1.5594401; -0.0088302; 5.6813394; 5.2279946
6.3172410; 23.3602969; 0.3014464; 0.6084168; 0.0153801; 0.9998817; 0.0003455; 57.3115188; 1.5570284; -0.0153256; 5.8622145; 5.2233368
6.1175638; 23.3636872; 0.3001896; 0.6106548; 0.0185555; 0.9998278; 0.0000593; 57.5112244; 1.5532819; -0.0221996; 6.0375195; 5.2186831
5.9178987; 23.3677064; 0.3000154; 0.6118084; 0.0217037; 0.9997644; 0.0000154; 57.7109301; 1.5483858; -0.0268283; 6.2077262; 5.2140336
5.7182478; 23.3723786; 0.3018873; 0.6109163; 0.0251930; 0.9996826; 0.0003284; 57.9106355; 1.5434737; -0.0223273; 6.3732434; 5.2093882
5.5186155; 23.3777969; 0.3065356; 0.6072476; 0.0291042; 0.9995764; 0.0007888; 58.1103398; 1.5394074; -0.0184019; 6.5344275; 5.2047470
5.3190064; 23.3840105; 0.3146603; 0.5999221; 0.0331256; 0.9994512; 0.0011931; 58.3100421; 1.5360300; -0.0154300; 6.6915918; 5.2001099
5.1194238; 23.3910242; 0.3279846; 0.5832909; 0.0370959; 0.9993117; 0.0014159; 58.5097429; 1.5331795; -0.0131218; 6.8450133; 5.1954769
4.9198700; 23.3988152; 0.3457578; 0.5666034; 0.0408891; 0.9991637; 0.0013879; 58.7094434; 1.5307300; -0.0114147; 6.9949383; 5.1908481
4.7203460; 23.4073353; 0.3371430; 0.5724419; 0.0443743; 0.9990150; 0.0010898; 58.9091452; 1.5285505; -0.0104175; 7.1415873; 5.1862234
4.5208509; 23.4165093; 0.3232119; 0.5858376; 0.0474159; 0.9988752; 0.0005567; 59.1088493; 1.5265050; -0.0100730; 7.2851582; 5.1816028
4.3213821; 23.4262362; 0.3124814; 0.5972630; 0.0498921; 0.9987546; -0.0001243; 59.3085558; 1.5244712; -0.0102992; 7.4258295; -3.7440312
4.1219346; 23.4363924; 0.3054272; 0.6050127; 0.0517006; 0.9986626; -0.0008215; 59.5082637; 1.5223465; -0.0109831; 7.3244565; -9.4983554
3.9225024; 23.4468343; 0.3014944; 0.6096420; 0.0527335; 0.9986086; -0.0013624; 59.7079711; 1.5200229; -0.0122930; 7.0607532; -9.4983211
3.7230773; 23.4574033; 0.3000010; 0.6118334; 0.0529955; 0.9985948; -0.0015445; 59.9076765; 1.5175034; -0.0129369; 6.7868123; -9.5059483
3.5236521; 23.4679862; 0.3000468; 0.6124884; 0.0530310; 0.9985929; -0.0012561; 60.1073826; 1.5153287; -0.0088185; 6.5011046; -9.7210396
3.3242280; 23.4786046; 0.3004277; 0.6128097; 0.0533672; 0.9985750; -0.0006558; 60.3070904; 1.5140312; -0.0041743; 6.1953207; -9.8232802
3.1248082; 23.4892867; 0.3000000; 0.6138162; 0.0534776; 0.9985690; 0.0000000; 60.5067972; 1.5143454; 0.0073593; 5.8701621; -8.5646402
2.9253762; 23.4997295; 0.3004018; 0.6124329; 0.0500628; 0.9987461; 0.0004018; 60.7065040; 1.5199035; 0.0484756; 5.5712010; -7.2028984
2.7258728; 23.5086963; 0.3147062; 0.5955305; 0.0378436; 0.9992837; 0.0002596; 60.9062147; 1.5348761; 0.1015540; 5.3067510; -6.0223069
2.5262433; 23.5140593; 0.3586965; 0.5603268; 0.0138264; 0.9999044; -0.0003521; 61.1059209; 1.5606541; 0.1566657; 5.0750797; -5.0097925
2.3265490; 23.5134058; 0.4018195; 0.5261851; -0.0224026; 0.9997490; -0.0012098; 61.3056002; 1.5974860; 0.2122950; 4.8739754; -4.1046125
2.1270697; 23.5043039; 0.4443439; 0.4928719; -0.0707627; 0.9974932; -0.0020964; 61.5052273; 1.6455075; 0.2687933; 4.7028021; -3.2479552
1.9283939; 23.4843456; 0.4862222; 0.4604633; -0.1310892; 0.9913706; -0.0028259; 61.7047837; 1.7049294; 0.3265492; 4.5628048; -2.3687036
1.7315073; 23.4511693; 0.5271115; 0.4293176; -0.2030683; 0.9791646; -0.0032425; 61.9042662; 1.7760669; 0.3862306; 4.4579346; -1.3599187
1.5378845; 23.4025017; 0.5664587; 0.3999789; -0.2860959; 0.9582010; -0.0032282; 62.1036920; 1.8594377; 0.4492072; 4.3965965; -0.0430834
1.3495780; 23.3362371; 0.6037482; 0.3729398; -0.3790601; 0.9253720; -0.0027414; 62.3031011; 1.9559238; 0.5177899; 4.3946392; -13.8059079
1.1693023; 23.2505543; 0.6474853; 0.3422284; -0.4802159; 0.8771503; -0.0018833; 62.502; 2.0668530; 0.5942253; 3.7147123; -0.9197981